{"cameraMode":{"drawMode":0,"name":"Shaded","section":"Shading Mode"},"sceneLighting":false,"audioPlay":false,"sceneViewState":{"showFog":true,"showMaterialUpdate":false,"showSkybox":false,"showFlares":true,"showImageEffects":true,"showParticleSystems":true},"in2DMode":false,"pivot":{"x":190.68392944335938,"y":94.40506744384766,"z":488.27935791015627},"rotation":{"x":0.22163163125514985,"y":-0.009653390385210514,"z":0.002194060245528817,"w":0.975080668926239},"size":1309.5064697265625,"orthographic":false}