{"cameraMode":{"drawMode":0,"name":"Shaded","section":"Shading Mode"},"sceneLighting":true,"audioPlay":false,"sceneViewState":{"showFog":true,"showMaterialUpdate":false,"showSkybox":true,"showFlares":true,"showImageEffects":true,"showParticleSystems":true},"in2DMode":false,"pivot":{"x":7.400933265686035,"y":21.272689819335939,"z":829.9121704101563},"rotation":{"x":-0.01620229333639145,"y":0.0029989283066242935,"z":0.00005406077252700925,"w":0.9999087452888489},"size":896.0440063476563,"orthographic":false}