{"cameraMode":{"drawMode":0,"name":"Shaded","section":"Shading Mode"},"sceneLighting":false,"audioPlay":false,"sceneViewState":{"showFog":true,"showMaterialUpdate":false,"showSkybox":false,"showFlares":true,"showImageEffects":true,"showParticleSystems":true},"in2DMode":false,"pivot":{"x":509.9260559082031,"y":250.41860961914063,"z":-609.5703735351563},"rotation":{"x":0.013190646655857563,"y":-0.004802393727004528,"z":-0.00006128182576503605,"w":-0.9998990297317505},"size":2.4005062580108644,"orthographic":false}