{"cameraMode":{"drawMode":0,"name":"Shaded","section":"Shading Mode"},"sceneLighting":false,"audioPlay":false,"sceneViewState":{"showFog":true,"showMaterialUpdate":false,"showSkybox":false,"showFlares":true,"showImageEffects":true,"showParticleSystems":true},"in2DMode":false,"pivot":{"x":286.3056335449219,"y":41.494022369384769,"z":884.9153442382813},"rotation":{"x":-0.12593738734722138,"y":0.023506060242652894,"z":-0.0029844457749277355,"w":-0.9917513728141785},"size":1576.5272216796875,"orthographic":false}