{"cameraMode":{"drawMode":0,"name":"Shaded","section":"Shading Mode"},"sceneLighting":false,"audioPlay":false,"sceneViewState":{"showFog":true,"showMaterialUpdate":false,"showSkybox":false,"showFlares":true,"showImageEffects":true,"showParticleSystems":true},"in2DMode":false,"pivot":{"x":2.6883621215820314,"y":4.007314682006836,"z":-1.7784481048583985},"rotation":{"x":0.005008280742913485,"y":-0.37017622590065,"z":-0.0019937711767852308,"w":-0.928948163986206},"size":22.0,"orthographic":false}